CREATE DATABASE LABORATORIO;
USE LABORATORIO;*/

CREATE TABLE FACTURAS (
LETRA CHAR,
NUMERO INT,
CLIENTEID INT,
ARTICULOID INT,
FECHA DATE,
MONTO DOUBLE,
PRIMARY KEY (LETRA, NUMERO)
);

CREATE TABLE ARTICULOS (
ARTICULOID INT PRIMARY KEY,
NOMBRE VARCHAR(50),
PRECIO DOUBLE,
STOCK INT
);

CREATE TABLE CLIENTES (
CLIENTEID INT PRIMARY KEY,
NOMBRE VARCHAR(25),
APELLIDO VARCHAR(25),
CUIT CHAR(16),
DIRECCION VARCHAR(50),
COMENTARIOS VARCHAR(50)
);


ALTER TABLE FACTURAS
CHANGE CLIENTEID IDCLIENTE INT,
CHANGE ARTICULOID IDARTICULO INT,
MODIFY MONTO DOUBLE UNSIGNED;


ALTER TABLE ARTICULOS
CHANGE ARTICULOID IDARTICULO INT,
MODIFY NOMBRE VARCHAR(75),
MODIFY PRECIO DOUBLE UNSIGNED NOT NULL,
MODIFY STOCK INT(11) UNSIGNED NOT NULL;

ALTER TABLE CLIENTES
CHANGE CLIENTEID IDCLIENTE INT(11),
MODIFY NOMBRE VARCHAR(30) NOT NULL,
MODIFY APELLIDO VARCHAR(35) NOT NULL,
CHANGE COMENTARIOS OBSERVACIONES VARCHAR(255);

INSERT INTO FACTURAS (LETRA, NUMERO, IDCLIENTE, IDARTICULO, FECHA, MONTO)
VALUES ('A', 28, 14, 335, '2021-03-18', 1589.50),
		('A', 39, 26, 157, '2021-04-12', 979.75),
        ('B', 8, 17, 95, '2021-04-25', 513.35),
        ('B', 12, 5, 411, '2021-05-03', 2385.70),
        ('B', 19, 50, 157, '2021-05-26', 979.75);

INSERT INTO ARTICULOS (IDARTICULO, NOMBRE, PRECIO, STOCK)
VALUES (95, 'Webcam con Micrófono Plug & Play', 513.35, 39),
		(157, 'Apple AirPods Pro', 979.75, 152),
        (335, 'Lavasecarropas Automático Samsung', 1589.50, 12),
        (411, 'Gloria Trevi / CD + DVD', 2385.70, 2);

INSERT INTO CLIENTES (IDCLIENTE, NOMBRE, APELLIDO, CUIT, DIRECCION, OBSERVACIONES)
VALUES (5,'Santiago', 'González', 23-24582359-9, 'Uriburu 558 - 7°A', 'VIP'),
(14,'Gloria', 'Fernandez', 23-35965852-5, 'Constitución 323', 'GBA'),
(17,'Gonzalo', 'López', 23-33587416-0, 'Arias 2624', 'GBA'),
(26,'Carlos', 'Garcia', 2342321230-9, 'Pateur 322 - 2°C', 'VIP'),
(50,'Micaela','Altieri', 2322885566-5, 'Santamarina 1255', 'GBA');




